Workbook

Sheet Sheet1
E4: 날짜 | F4: 회차 | G4: 번호 | M4: 추가번호 | N4: 일치개수(조회용,자동)
E5: 46270 | F5: 1240 | G5: 11 | H5: 13 | I5: 19 | J5: 20 | K5: 31 | L5: 44 | M5: 27 | N5: =SUMPRODUCT(COUNTIF(G5:L5,번호조회!$B$4:$B$9)) -> 0
E6: 46263 | F6: 1239 | G6: 11 | H6: 13 | I6: 22 | J6: 32 | K6: 33 | L6: 36 | M6: 8 | N6: =SUMPRODUCT(COUNTIF(G6:L6,번호조회!$B$4:$B$9)) -> 0
E7: 46256 | F7: 1238 | G7: 2 | H7: 13 | I7: 18 | J7: 32 | K7: 38 | L7: 42 | M7: 22 | N7: =SUMPRODUCT(COUNTIF(G7:L7,번호조회!$B$4:$B$9)) -> 0
E8: 46249 | F8: 1237 | G8: 10 | H8: 20 | I8: 23 | J8: 34 | K8: 37 | L8: 40 | M8: 36 | N8: =SUMPRODUCT(COUNTIF(G8:L8,번호조회!$B$4:$B$9)) -> 0
E9: 46242 | F9: 1236 | G9: 12 | H9: 18 | I9: 21 | J9: 29 | K9: 34 | L9: 38 | M9: 10 | N9: =SUMPRODUCT(COUNTIF(G9:L9,번호조회!$B$4:$B$9)) -> 0
E10: 46235 | F10: 1235 | G10: 6 | H10: 7 | I10: 11 | J10: 15 | K10: 39 | L10: 43 | M10: 20 | N10: =SUMPRODUCT(COUNTIF(G10:L10,번호조회!$B$4:$B$9)) -> 0
E11: 46228 | F11: 1234 | G11: 1 | H11: 15 | I11: 19 | J11: 31 | K11: 35 | L11: 43 | M11: 27 | N11: =SUMPRODUCT(COUNTIF(G11:L11,번호조회!$B$4:$B$9)) -> 0
E12: 46221 | F12: 1233 | G12: 2 | H12: 7 | I12: 20 | J12: 25 | K12: 37 | L12: 40 | M12: 29 | N12: =SUMPRODUCT(COUNTIF(G12:L12,번호조회!$B$4:$B$9)) -> 0
E13: 46214 | F13: 1232 | G13: 12 | H13: 15 | I13: 19 | J13: 22 | K13: 24 | L13: 36 | M13: 3 | N13: =SUMPRODUCT(COUNTIF(G13:L13,번호조회!$B$4:$B$9)) -> 0
E14: =$E$13-($F$13-F14)*7 -> 46207 | F14: 1231 | G14: 4 | H14: 13 | I14: 14 | J14: 18 | K14: 31 | L14: 38 | M14: 15 | N14: =SUMPRODUCT(COUNTIF(G14:L14,번호조회!$B$4:$B$9)) -> 0
E15: =$E$13-($F$13-F15)*7 -> 46200 | F15: 1230 | G15: 3 | H15: 8 | I15: 9 | J15: 22 | K15: 28 | L15: 42 | M15: 45 | N15: =SUMPRODUCT(COUNTIF(G15:L15,번호조회!$B$4:$B$9)) -> 0
E16: =$E$13-($F$13-F16)*7 -> 46193 | F16: 1229 | G16: 12 | H16: 13 | I16: 29 | J16: 34 | K16: 37 | L16: 42 | M16: 16 | N16: =SUMPRODUCT(COUNTIF(G16:L16,번호조회!$B$4:$B$9)) -> 0
E17: =$E$13-($F$13-F17)*7 -> 46186 | F17: 1228 | G17: 24 | H17: 29 | I17: 30 | J17: 31 | K17: 35 | L17: 44 | M17: 1 | N17: =SUMPRODUCT(COUNTIF(G17:L17,번호조회!$B$4:$B$9)) -> 0
E18: =$E$13-($F$13-F18)*7 -> 46179 | F18: 1227 | G18: 1 | H18: 14 | I18: 16 | J18: 34 | K18: 41 | L18: 44 | M18: 13 | N18: =SUMPRODUCT(COUNTIF(G18:L18,번호조회!$B$4:$B$9)) -> 0
E19: =$E$13-($F$13-F19)*7 -> 46172 | F19: 1226 | G19: 4 | H19: 6 | I19: 13 | J19: 17 | K19: 26 | L19: 28 | M19: 41 | N19: =SUMPRODUCT(COUNTIF(G19:L19,번호조회!$B$4:$B$9)) -> 0
E20: =$E$13-($F$13-F20)*7 -> 46165 | F20: 1225 | G20: 8 | H20: 9 | I20: 19 | J20: 25 | K20: 41 | L20: 42 | M20: 33 | N20: =SUMPRODUCT(COUNTIF(G20:L20,번호조회!$B$4:$B$9)) -> 0
E21: =$E$13-($F$13-F21)*7 -> 46158 | F21: 1224 | G21: 9 | H21: 18 | I21: 21 | J21: 27 | K21: 44 | L21: 45 | M21: 28 | N21: =SUMPRODUCT(COUNTIF(G21:L21,번호조회!$B$4:$B$9)) -> 0
E22: =$E$13-($F$13-F22)*7 -> 46151 | F22: 1223 | G22: 16 | H22: 18 | I22: 20 | J22: 32 | K22: 33 | L22: 39 | M22: 26 | N22: =SUMPRODUCT(COUNTIF(G22:L22,번호조회!$B$4:$B$9)) -> 0
E23: =$E$13-($F$13-F23)*7 -> 46144 | F23: 1222 | G23: 4 | H23: 11 | I23: 17 | J23: 22 | K23: 32 | L23: 41 | M23: 34 | N23: =SUMPRODUCT(COUNTIF(G23:L23,번호조회!$B$4:$B$9)) -> 0
E24: =$E$13-($F$13-F24)*7 -> 46137 | F24: 1221 | G24: 6 | H24: 13 | I24: 18 | J24: 28 | K24: 30 | L24: 36 | M24: 9 | N24: =SUMPRODUCT(COUNTIF(G24:L24,번호조회!$B$4:$B$9)) -> 0
E25: =$E$13-($F$13-F25)*7 -> 46130 | F25: 1220 | G25: 2 | H25: 22 | I25: 25 | J25: 28 | K25: 34 | L25: 43 | M25: 16 | N25: =SUMPRODUCT(COUNTIF(G25:L25,번호조회!$B$4:$B$9)) -> 0
... E1244: =$E$13-($F$13-F1244)*7 -> 37597 | F1244: 1 | G1244: 10 | H1244: 23 | I1244: 29 | J1244: 33 | K1244: 37 | L1244: 40 | M1244: 16 | N1244: =SUMPRODUCT(COUNTIF(G1244:L1244,번호조회!$B$4:$B$9)) -> 0

Sheet 번호별통계
A1: 번호별 출현 횟수 및 순위
A3: ▶ Sheet1의 전체 당첨번호(회차 1~1240)를 기준으로 자동 계산됩니다. 입력할 필요 없습니다. | F3: ▶ TOP10 / BOTTOM10은 출현횟수를 기준으로 자동 정렬됩니다 (동률 시 번호가 작은 쪽이 우선). N,O열은 동률 처리를 위한 내부 계산용이며 편집하지 마세요.
A4: 번호 | B4: 출현횟수 | C4: 순위(많이 나온 순) | D4: 순위(적게 나온 순) | F4: 순위 | G4: 번호(많이 나온 순) | H4: 출현횟수 | J4: 순위 | K4: 번호(적게 나온 순) | L4: 출현횟수 | N4: 정렬키(많이순,내부용) | O4: 정렬키(적게순,내부용)
A5: 1 | B5: =COUNTIF(Sheet1!$G$5:$L$1244,A5) -> 170 | C5: =RANK(B5,$B$5:$B$49,0) -> 16 | D5: =RANK(B5,$B$5:$B$49,1) -> 27 | F5: 1 | G5: =INDEX($A$5:$A$49,MATCH(LARGE($N$5:$N$49,F5),$N$5:$N$49,0)) -> 34 | H5: =INDEX($B$5:$B$49,MATCH(LARGE($N$5:$N$49,F5),$N$5:$N$49,0)) -> 186 | J5: 1 | K5: =INDEX($A$5:$A$49,MATCH(SMALL($O$5:$O$49,J5),$O$5:$O$49,0)) -> 9 | L5: =INDEX($B$5:$B$49,MATCH(SMALL($O$5:$O$49,J5),$O$5:$O$49,0)) -> 136 | N5: =B5*100-A5 -> 16999 | O5: =B5*100+A5 -> 17001
A6: 2 | B6: =COUNTIF(Sheet1!$G$5:$L$1244,A6) -> 156 | C6: =RANK(B6,$B$5:$B$49,0) -> 37 | D6: =RANK(B6,$B$5:$B$49,1) -> 8 | F6: 2 | G6: =INDEX($A$5:$A$49,MATCH(LARGE($N$5:$N$49,F6),$N$5:$N$49,0)) -> 13 | H6: =INDEX($B$5:$B$49,MATCH(LARGE($N$5:$N$49,F6),$N$5:$N$49,0)) -> 182 | J6: 2 | K6: =INDEX($A$5:$A$49,MATCH(SMALL($O$5:$O$49,J6),$O$5:$O$49,0)) -> 22 | L6: =INDEX($B$5:$B$49,MATCH(SMALL($O$5:$O$49,J6),$O$5:$O$49,0)) -> 146 | N6: =B6*100-A6 -> 15598 | O6: =B6*100+A6 -> 15602
A7: 3 | B7: =COUNTIF(Sheet1!$G$5:$L$1244,A7) -> 172 | C7: =RANK(B7,$B$5:$B$49,0) -> 10 | D7: =RANK(B7,$B$5:$B$49,1) -> 33 | F7: 3 | G7: =INDEX($A$5:$A$49,MATCH(LARGE($N$5:$N$49,F7),$N$5:$N$49,0)) -> 27 | H7: =INDEX($B$5:$B$49,MATCH(LARGE($N$5:$N$49,F7),$N$5:$N$49,0)) -> 181 | J7: 3 | K7: =INDEX($A$5:$A$49,MATCH(SMALL($O$5:$O$49,J7),$O$5:$O$49,0)) -> 32 | L7: =INDEX($B$5:$B$49,MATCH(SMALL($O$5:$O$49,J7),$O$5:$O$49,0)) -> 146 | N7: =B7*100-A7 -> 17197 | O7: =B7*100+A7 -> 17203
A8: 4 | B8: =COUNTIF(Sheet1!$G$5:$L$1244,A8) -> 162 | C8: =RANK(B8,$B$5:$B$49,0) -> 31 | D8: =RANK(B8,$B$5:$B$49,1) -> 14 | F8: 4 | G8: =INDEX($A$5:$A$49,MATCH(LARGE($N$5:$N$49,F8),$N$5:$N$49,0)) -> 12 | H8: =INDEX($B$5:$B$49,MATCH(LARGE($N$5:$N$49,F8),$N$5:$N$49,0)) -> 180 | J8: 4 | K8: =INDEX($A$5:$A$49,MATCH(SMALL($O$5:$O$49,J8),$O$5:$O$49,0)) -> 23 | L8: =INDEX($B$5:$B$49,MATCH(SMALL($O$5:$O$49,J8),$O$5:$O$49,0)) -> 148 | N8: =B8*100-A8 -> 16196 | O8: =B8*100+A8 -> 16204
A9: 5 | B9: =COUNTIF(Sheet1!$G$5:$L$1244,A9) -> 153 | C9: =RANK(B9,$B$5:$B$49,0) -> 39 | D9: =RANK(B9,$B$5:$B$49,1) -> 6 | F9: 5 | G9: =INDEX($A$5:$A$49,MATCH(LARGE($N$5:$N$49,F9),$N$5:$N$49,0)) -> 18 | H9: =INDEX($B$5:$B$49,MATCH(LARGE($N$5:$N$49,F9),$N$5:$N$49,0)) -> 178 | J9: 5 | K9: =INDEX($A$5:$A$49,MATCH(SMALL($O$5:$O$49,J9),$O$5:$O$49,0)) -> 41 | L9: =INDEX($B$5:$B$49,MATCH(SMALL($O$5:$O$49,J9),$O$5:$O$49,0)) -> 150 | N9: =B9*100-A9 -> 15295 | O9: =B9*100+A9 -> 15305
A10: 6 | B10: =COUNTIF(Sheet1!$G$5:$L$1244,A10) -> 166 | C10: =RANK(B10,$B$5:$B$49,0) -> 24 | D10: =RANK(B10,$B$5:$B$49,1) -> 21 | F10: 6 | G10: =INDEX($A$5:$A$49,MATCH(LARGE($N$5:$N$49,F10),$N$5:$N$49,0)) -> 33 | H10: =INDEX($B$5:$B$49,MATCH(LARGE($N$5:$N$49,F10),$N$5:$N$49,0)) -> 175 | J10: 6 | K10: =INDEX($A$5:$A$49,MATCH(SMALL($O$5:$O$49,J10),$O$5:$O$49,0)) -> 5 | L10: =INDEX($B$5:$B$49,MATCH(SMALL($O$5:$O$49,J10),$O$5:$O$49,0)) -> 153 | N10: =B10*100-A10 -> 16594 | O10: =B10*100+A10 -> 16606
A11: 7 | B11: =COUNTIF(Sheet1!$G$5:$L$1244,A11) -> 170 | C11: =RANK(B11,$B$5:$B$49,0) -> 16 | D11: =RANK(B11,$B$5:$B$49,1) -> 27 | F11: 7 | G11: =INDEX($A$5:$A$49,MATCH(LARGE($N$5:$N$49,F11),$N$5:$N$49,0)) -> 45 | H11: =INDEX($B$5:$B$49,MATCH(LARGE($N$5:$N$49,F11),$N$5:$N$49,0)) -> 175 | J11: 7 | K11: =INDEX($A$5:$A$49,MATCH(SMALL($O$5:$O$49,J11),$O$5:$O$49,0)) -> 25 | L11: =INDEX($B$5:$B$49,MATCH(SMALL($O$5:$O$49,J11),$O$5:$O$49,0)) -> 153 | N11: =B11*100-A11 -> 16993 | O11: =B11*100+A11 -> 17007
A12: 8 | B12: =COUNTIF(Sheet1!$G$5:$L$1244,A12) -> 158 | C12: =RANK(B12,$B$5:$B$49,0) -> 33 | D12: =RANK(B12,$B$5:$B$49,1) -> 11 | F12: 8 | G12: =INDEX($A$5:$A$49,MATCH(LARGE($N$5:$N$49,F12),$N$5:$N$49,0)) -> 37 | H12: =INDEX($B$5:$B$49,MATCH(LARGE($N$5:$N$49,F12),$N$5:$N$49,0)) -> 174 | J12: 8 | K12: =INDEX($A$5:$A$49,MATCH(SMALL($O$5:$O$49,J12),$O$5:$O$49,0)) -> 2 | L12: =INDEX($B$5:$B$49,MATCH(SMALL($O$5:$O$49,J12),$O$5:$O$49,0)) -> 156 | N12: =B12*100-A12 -> 15792 | O12: =B12*100+A12 -> 15808
A13: 9 | B13: =COUNTIF(Sheet1!$G$5:$L$1244,A13) -> 136 | C13: =RANK(B13,$B$5:$B$49,0) -> 45 | D13: =RANK(B13,$B$5:$B$49,1) -> 1 | F13: 9 | G13: =INDEX($A$5:$A$49,MATCH(LARGE($N$5:$N$49,F13),$N$5:$N$49,0)) -> 40 | H13: =INDEX($B$5:$B$49,MATCH(LARGE($N$5:$N$49,F13),$N$5:$N$49,0)) -> 174 | J13: 9 | K13: =INDEX($A$5:$A$49,MATCH(SMALL($O$5:$O$49,J13),$O$5:$O$49,0)) -> 29 | L13: =INDEX($B$5:$B$49,MATCH(SMALL($O$5:$O$49,J13),$O$5:$O$49,0)) -> 156 | N13: =B13*100-A13 -> 13591 | O13: =B13*100+A13 -> 13609
A14: 10 | B14: =COUNTIF(Sheet1!$G$5:$L$1244,A14) -> 162 | C14: =RANK(B14,$B$5:$B$49,0) -> 31 | D14: =RANK(B14,$B$5:$B$49,1) -> 14 | F14: 10 | G14: =INDEX($A$5:$A$49,MATCH(LARGE($N$5:$N$49,F14),$N$5:$N$49,0)) -> 3 | H14: =INDEX($B$5:$B$49,MATCH(LARGE($N$5:$N$49,F14),$N$5:$N$49,0)) -> 172 | J14: 10 | K14: =INDEX($A$5:$A$49,MATCH(SMALL($O$5:$O$49,J14),$O$5:$O$49,0)) -> 28 | L14: =INDEX($B$5:$B$49,MATCH(SMALL($O$5:$O$49,J14),$O$5:$O$49,0)) -> 157 | N14: =B14*100-A14 -> 16190 | O14: =B14*100+A14 -> 16210
A15: 11 | B15: =COUNTIF(Sheet1!$G$5:$L$1244,A15) -> 168 | C15: =RANK(B15,$B$5:$B$49,0) -> 20 | D15: =RANK(B15,$B$5:$B$49,1) -> 24 | N15: =B15*100-A15 -> 16789 | O15: =B15*100+A15 -> 16811
A16: 12 | B16: =COUNTIF(Sheet1!$G$5:$L$1244,A16) -> 180 | C16: =RANK(B16,$B$5:$B$49,0) -> 4 | D16: =RANK(B16,$B$5:$B$49,1) -> 42 | N16: =B16*100-A16 -> 17988 | O16: =B16*100+A16 -> 18012
A17: 13 | B17: =COUNTIF(Sheet1!$G$5:$L$1244,A17) -> 182 | C17: =RANK(B17,$B$5:$B$49,0) -> 2 | D17: =RANK(B17,$B$5:$B$49,1) -> 44 | N17: =B17*100-A17 -> 18187 | O17: =B17*100+A17 -> 18213
A18: 14 | B18: =COUNTIF(Sheet1!$G$5:$L$1244,A18) -> 172 | C18: =RANK(B18,$B$5:$B$49,0) -> 10 | D18: =RANK(B18,$B$5:$B$49,1) -> 33 | N18: =B18*100-A18 -> 17186 | O18: =B18*100+A18 -> 17214
A19: 15 | B19: =COUNTIF(Sheet1!$G$5:$L$1244,A19) -> 170 | C19: =RANK(B19,$B$5:$B$49,0) -> 16 | D19: =RANK(B19,$B$5:$B$49,1) -> 27 | N19: =B19*100-A19 -> 16985 | O19: =B19*100+A19 -> 17015
A20: 16 | B20: =COUNTIF(Sheet1!$G$5:$L$1244,A20) -> 168 | C20: =RANK(B20,$B$5:$B$49,0) -> 20 | D20: =RANK(B20,$B$5:$B$49,1) -> 24 | N20: =B20*100-A20 -> 16784 | O20: =B20*100+A20 -> 16816
A21: 17 | B21: =COUNTIF(Sheet1!$G$5:$L$1244,A21) -> 171 | C21: =RANK(B21,$B$5:$B$49,0) -> 14 | D21: =RANK(B21,$B$5:$B$49,1) -> 31 | N21: =B21*100-A21 -> 17083 | O21: =B21*100+A21 -> 17117
A22: 18 | B22: =COUNTIF(Sheet1!$G$5:$L$1244,A22) -> 178 | C22: =RANK(B22,$B$5:$B$49,0) -> 5 | D22: =RANK(B22,$B$5:$B$49,1) -> 41 | N22: =B22*100-A22 -> 17782 | O22: =B22*100+A22 -> 17818
A23: 19 | B23: =COUNTIF(Sheet1!$G$5:$L$1244,A23) -> 171 | C23: =RANK(B23,$B$5:$B$49,0) -> 14 | D23: =RANK(B23,$B$5:$B$49,1) -> 31 | N23: =B23*100-A23 -> 17081 | O23: =B23*100+A23 -> 17119
A24: 20 | B24: =COUNTIF(Sheet1!$G$5:$L$1244,A24) -> 172 | C24: =RANK(B24,$B$5:$B$49,0) -> 10 | D24: =RANK(B24,$B$5:$B$49,1) -> 33 | N24: =B24*100-A24 -> 17180 | O24: =B24*100+A24 -> 17220
A25: 21 | B25: =COUNTIF(Sheet1!$G$5:$L$1244,A25) -> 167 | C25: =RANK(B25,$B$5:$B$49,0) -> 23 | D25: =RANK(B25,$B$5:$B$49,1) -> 23 | N25: =B25*100-A25 -> 16679 | O25: =B25*100+A25 -> 16721
A26: 22 | B26: =COUNTIF(Sheet1!$G$5:$L$1244,A26) -> 146 | C26: =RANK(B26,$B$5:$B$49,0) -> 43 | D26: =RANK(B26,$B$5:$B$49,1) -> 2 | N26: =B26*100-A26 -> 14578 | O26: =B26*100+A26 -> 14622
... A49: 45 | B49: =COUNTIF(Sheet1!$G$5:$L$1244,A49) -> 175 | C49: =RANK(B49,$B$5:$B$49,0) -> 6 | D49: =RANK(B49,$B$5:$B$49,1) -> 39 | N49: =B49*100-A49 -> 17455 | O49: =B49*100+A49 -> 17545

Sheet 번호조회
A1: 내가 고른 번호, 예전에 나온 적 있을까?
A3: ▶ 노란색 칸(B4:B9)에 확인하고 싶은 번호 6개를 입력하세요 (순서 상관없음).
A4: 번호1 | D4: 결과 | E4: =IF(COUNT(B4:B9)<6,"6개를 모두 입력하세요",IF(COUNTIF(Sheet1!$N$5:$N$1244,6)>0,"⚠ 과거에 나온 적 있는 조합입니다","✅ 지금까지 나온 적 없는 조합입니다")) -> 6개를 모두 입력하세요
A5: 번호2 | D5: 일치 횟수 | E5: =COUNTIF(Sheet1!$N$5:$N$1244,6) -> 0
A6: 번호3 | D6: 일치 회차(첫번째) | E6: =IFERROR(INDEX(Sheet1!$F$5:$F$1244,MATCH(6,Sheet1!$N$5:$N$1244,0)),"-") -> -
A7: 번호4 | D7: 일치 날짜(첫번째) | E7: =IFERROR(INDEX(Sheet1!$E$5:$E$1244,MATCH(6,Sheet1!$N$5:$N$1244,0)),"-") -> -
A8: 번호5
A9: 번호6
A11: ※ 일치 회차가 여러 번이면 위 표시는 첫 번째 회차만 보여줍니다. 정확한 목록은 Sheet1의 N열이 6인 행을 확인하세요.
